1,neo mellow
2,detroit hip hop
3,dance pop
3,dance pop
3,dance pop
4,pop
5,canadian pop
3,dance pop
3,dance pop
6,hip pop
7,barbadian pop
3,dance pop
4,pop
3,dance pop
3,dance pop
3,dance pop
8,atl hip hop
3,dance pop
3,dance pop
3,dance pop
3,dance pop
3,dance pop
9,australian pop
3,dance pop
4,pop
3,dance pop
10,indie pop
3,dance pop
3,dance pop
3,dance pop
3,dance pop
3,dance pop
3,dance pop
3,dance pop
3,dance pop
6,hip pop
3,dance pop
3,dance pop
9,australian pop
3,dance pop
11,art pop
3,dance pop
6,hip pop
7,barbadian pop
12,colombian pop
3,dance pop
3,dance pop
3,dance pop
8,atl hip hop
8,atl hip hop
3,dance pop
13,big room
3,dance pop
14,british soul
3,dance pop
4,pop
14,british soul
3,dance pop
4,pop
3,dance pop
4,pop
3,dance pop
5,canadian pop
3,dance pop
15,chicago rap
4,pop
3,dance pop
3,dance pop
3,dance pop
9,australian pop
3,dance pop
3,dance pop
3,dance pop
7,barbadian pop
3,dance pop
3,dance pop
3,dance pop
3,dance pop
3,dance pop
3,dance pop
3,dance pop
3,dance pop
3,dance pop
3,dance pop
3,dance pop
3,dance pop
7,barbadian pop
3,dance pop
3,dance pop
3,dance pop
3,dance pop
3,dance pop
7,barbadian pop
7,barbadian pop
3,dance pop
3,dance pop
8,atl hip hop
16,acoustic pop
3,dance pop
3,dance pop
3,dance pop
3,dance pop
3,dance pop
3,dance pop
3,dance pop
3,dance pop
4,pop